chip_id,event,S1Hand_bands,S1Hand_shape,S1Hand_dtype,S1Hand_nodata,S1Hand_min,S1Hand_max,S1Hand_nan_frac,S2Hand_bands,S2Hand_shape,S2Hand_dtype,S2Hand_nodata,S2Hand_min,S2Hand_max,S2Hand_nan_frac,LabelHand_bands,LabelHand_shape,LabelHand_dtype,LabelHand_nodata,LabelHand_min,LabelHand_max,LabelHand_nan_frac,all_layers_present,aligned,label_values,flood_frac,valid_frac,eo_label,official_split
Bolivia_103757,Bolivia,2,512x512,float32,,-48.24835968017578,-0.6905989646911621,0.6123390197753906,13,512x512,int16,0.0,0.0,5662.0,0.0,1,512x512,int16,,-1.0,1.0,0.0,True,False,-1:174067;0:52715;1:35362,0.4015,0.336,1,bolivia
Bolivia_129334,Bolivia,2,512x512,float32,,-54.34866714477539,0.4744816720485687,0.002857208251953125,13,512x512,int16,0.0,2.0,5375.0,0.0,1,512x512,int16,,-1.0,1.0,0.0,True,False,-1:24330;0:81171;1:156643,0.6587,0.9072,1,bolivia
Bolivia_195474,Bolivia,2,512x512,float32,,-35.958290100097656,7.00493049621582,0.0,13,512x512,int16,0.0,6.0,7357.0,0.0,1,512x512,int16,,-1.0,1.0,0.0,True,False,-1:809;0:259784;1:1551,0.0059,0.9969,0,bolivia
Bolivia_23014,Bolivia,2,512x512,float32,,-68.47930145263672,0.17055276036262512,0.26163482666015625,13,512x512,int16,0.0,0.0,5838.0,0.0,1,512x512,int16,,-1.0,1.0,0.0,True,False,-1:52665;0:201699;1:7780,0.0371,0.7991,0,bolivia
Bolivia_233925,Bolivia,2,512x512,float32,,-103.87602996826172,-1.1250704526901245,0.2460784912109375,13,512x512,int16,0.0,0.0,7208.0,0.0,1,512x512,int16,,-1.0,1.0,0.0,True,False,-1:111607;0:150536;1:1,0.0,0.5743,0,bolivia
Bolivia_242570,Bolivia,2,512x512,float32,,-54.61154556274414,-1.0283496379852295,0.0,13,512x512,int16,0.0,4.0,6296.0,0.0,1,512x512,int16,,-1.0,1.0,0.0,True,False,-1:86637;0:148161;1:27346,0.1558,0.6695,1,bolivia
Bolivia_290290,Bolivia,2,512x512,float32,,-47.65573501586914,1.619675874710083,0.0,13,512x512,int16,0.0,4.0,6449.0,0.0,1,512x512,int16,,-1.0,1.0,0.0,True,False,-1:57511;0:184934;1:19699,0.0963,0.7806,1,bolivia
Bolivia_294583,Bolivia,2,512x512,float32,,-48.29588317871094,2.5029430389404297,0.0,13,512x512,int16,0.0,4.0,7602.0,0.0,1,512x512,int16,,-1.0,1.0,0.0,True,False,-1:131672;0:115464;1:15008,0.115,0.4977,1,bolivia
Bolivia_312675,Bolivia,2,512x512,float32,,-44.518531799316406,1.1514215469360352,0.031219482421875,13,512x512,int16,0.0,0.0,9925.0,0.0,1,512x512,int16,,-1.0,1.0,0.0,True,False,-1:104136;0:148433;1:9575,0.0606,0.6028,1,bolivia
Bolivia_314919,Bolivia,2,512x512,float32,,-48.38965606689453,8.278704643249512,0.0,13,512x512,int16,0.0,3.0,8670.0,0.0,1,512x512,int16,,-1.0,1.0,0.0,True,False,-1:73299;0:105167;1:83678,0.4431,0.7204,1,bolivia
Bolivia_360519,Bolivia,2,512x512,float32,,-73.74602508544922,0.6965633034706116,0.043567657470703125,13,512x512,int16,0.0,0.0,5144.0,0.0,1,512x512,int16,,-1.0,1.0,0.0,True,False,-1:8053;0:251290;1:2801,0.011,0.9693,0,bolivia
Bolivia_379434,Bolivia,2,512x512,float32,,-46.358943939208984,0.5694412589073181,0.0,13,512x512,int16,0.0,0.0,6157.0,0.0,1,512x512,int16,,0.0,1.0,0.0,True,False,0:251354;1:10790,0.0412,1.0,0,bolivia
Bolivia_432776,Bolivia,2,512x512,float32,,-82.45033264160156,1.2049789428710938,0.19615554809570312,13,512x512,int16,0.0,0.0,9098.0,0.0,1,512x512,int16,,-1.0,1.0,0.0,True,False,-1:105255;0:84744;1:72145,0.4598,0.5985,1,bolivia
Bolivia_60373,Bolivia,2,512x512,float32,,-47.97657775878906,-0.14513804018497467,0.15569305419921875,13,512x512,int16,0.0,0.0,7243.0,0.0,1,512x512,int16,,-1.0,1.0,0.0,True,False,-1:63125;0:186539;1:12480,0.0627,0.7592,1,bolivia
Bolivia_76104,Bolivia,2,512x512,float32,,-34.948543548583984,0.31533199548721313,0.0,13,512x512,int16,0.0,6.0,8114.0,0.0,1,512x512,int16,,-1.0,1.0,0.0,True,False,-1:71179;0:190960;1:5,0.0,0.7285,0,bolivia
