dropout_id,start,end,channels
1,2026-02-04T18:21:30+00:00,2026-02-04T19:15:30+00:00,bus_V;payload_P
2,2026-03-05T16:17:00+00:00,2026-03-05T17:09:30+00:00,SoC;batt_I;batt_temp
3,2026-03-08T08:36:00+00:00,2026-03-08T08:42:30+00:00,batt_temp;panel_temp;bus_V;batt_I;solar_I;SoC;att_err;payload_P
4,2026-02-28T19:09:30+00:00,2026-02-28T19:28:00+00:00,batt_temp;panel_temp;bus_V;batt_I;solar_I;SoC;att_err;payload_P
5,2026-02-09T04:09:30+00:00,2026-02-09T05:07:30+00:00,batt_temp;panel_temp;bus_V;batt_I;solar_I;SoC;att_err;payload_P
6,2026-02-17T00:22:00+00:00,2026-02-17T00:35:00+00:00,SoC;att_err;bus_V
7,2026-03-13T19:39:30+00:00,2026-03-13T19:48:30+00:00,panel_temp;payload_P
8,2026-02-08T18:02:30+00:00,2026-02-08T18:22:00+00:00,att_err
9,2026-01-29T08:56:30+00:00,2026-01-29T09:08:30+00:00,SoC;bus_V
10,2026-03-19T19:29:00+00:00,2026-03-19T20:04:30+00:00,batt_temp;panel_temp;bus_V;batt_I;solar_I;SoC;att_err;payload_P
11,2026-01-06T03:40:00+00:00,2026-01-06T04:35:30+00:00,batt_temp;panel_temp;bus_V;batt_I;solar_I;SoC;att_err;payload_P
12,2026-03-23T13:13:30+00:00,2026-03-23T14:12:30+00:00,batt_temp;panel_temp;bus_V;batt_I;solar_I;SoC;att_err;payload_P
13,2026-01-13T01:18:30+00:00,2026-01-13T01:44:30+00:00,att_err;batt_temp
14,2026-01-08T12:59:30+00:00,2026-01-08T13:36:00+00:00,batt_temp;panel_temp;bus_V;batt_I;solar_I;SoC;att_err;payload_P
15,2026-03-13T17:19:30+00:00,2026-03-13T17:53:00+00:00,att_err;batt_I;batt_temp
16,2026-03-18T16:04:00+00:00,2026-03-18T16:18:30+00:00,att_err;solar_I
17,2026-03-20T07:19:30+00:00,2026-03-20T08:18:30+00:00,batt_temp;panel_temp;bus_V;batt_I;solar_I;SoC;att_err;payload_P
18,2026-02-11T11:23:30+00:00,2026-02-11T11:32:30+00:00,att_err;batt_I;payload_P
19,2026-03-03T22:43:00+00:00,2026-03-03T23:10:30+00:00,att_err;bus_V;payload_P
20,2026-02-17T15:47:30+00:00,2026-02-17T16:21:00+00:00,batt_I
21,2026-01-22T07:49:00+00:00,2026-01-22T07:58:00+00:00,batt_temp;panel_temp;bus_V;batt_I;solar_I;SoC;att_err;payload_P
22,2026-02-09T11:38:00+00:00,2026-02-09T12:13:00+00:00,bus_V
23,2026-02-14T08:59:00+00:00,2026-02-14T09:37:30+00:00,batt_temp;panel_temp;bus_V;batt_I;solar_I;SoC;att_err;payload_P
24,2026-02-03T17:18:00+00:00,2026-02-03T18:12:00+00:00,batt_temp;panel_temp;bus_V;batt_I;solar_I;SoC;att_err;payload_P
25,2026-02-23T02:29:30+00:00,2026-02-23T03:17:30+00:00,batt_temp;panel_temp;bus_V;batt_I;solar_I;SoC;att_err;payload_P
26,2026-02-01T13:45:00+00:00,2026-02-01T14:37:30+00:00,batt_temp;panel_temp;bus_V;batt_I;solar_I;SoC;att_err;payload_P
27,2026-03-31T02:05:00+00:00,2026-03-31T02:51:30+00:00,bus_V
28,2026-03-25T15:32:30+00:00,2026-03-25T15:57:30+00:00,batt_I;bus_V
29,2026-03-20T15:14:00+00:00,2026-03-20T15:38:30+00:00,batt_temp;panel_temp;bus_V;batt_I;solar_I;SoC;att_err;payload_P
30,2026-03-16T20:40:30+00:00,2026-03-16T21:27:00+00:00,batt_temp;panel_temp;bus_V;batt_I;solar_I;SoC;att_err;payload_P
31,2026-03-05T02:33:00+00:00,2026-03-05T03:06:30+00:00,batt_temp;panel_temp;bus_V;batt_I;solar_I;SoC;att_err;payload_P
32,2026-03-02T04:39:30+00:00,2026-03-02T04:44:00+00:00,batt_I;payload_P
33,2026-03-20T09:05:00+00:00,2026-03-20T09:45:00+00:00,batt_temp;panel_temp;bus_V;batt_I;solar_I;SoC;att_err;payload_P
