event_id,start,end,anomaly_type,channels,coupled_pass_id
1,2026-01-03T12:57:00+00:00,2026-01-03T14:18:30+00:00,stuck,solar_I,
2,2026-01-05T10:33:30+00:00,2026-01-05T11:59:00+00:00,thermal_runaway,batt_temp,
3,2026-01-06T00:21:30+00:00,2026-01-06T02:56:00+00:00,thermal_runaway,batt_temp,
4,2026-01-06T17:49:30+00:00,2026-01-06T18:21:00+00:00,payload_fault,payload_P;batt_I,
5,2026-01-06T21:13:30+00:00,2026-01-07T00:11:30+00:00,stuck,att_err,
6,2026-01-07T04:26:00+00:00,2026-01-07T05:44:00+00:00,thermal_runaway,batt_temp,
7,2026-01-08T11:59:30+00:00,2026-01-08T13:11:30+00:00,noise_burst,panel_temp,
8,2026-01-09T12:57:00+00:00,2026-01-09T14:15:30+00:00,payload_fault,payload_P;batt_I,
9,2026-01-10T11:11:30+00:00,2026-01-10T12:16:30+00:00,noise_burst,att_err,
10,2026-01-10T14:54:30+00:00,2026-01-10T20:01:30+00:00,drift,batt_I,
11,2026-01-15T07:42:30+00:00,2026-01-15T08:26:30+00:00,noise_burst,panel_temp,
12,2026-01-16T10:36:00+00:00,2026-01-16T11:06:30+00:00,v_drop,bus_V;batt_I,
13,2026-01-16T21:36:30+00:00,2026-01-17T07:58:30+00:00,drift,batt_I,
14,2026-01-18T04:53:30+00:00,2026-01-18T04:54:00+00:00,spike,SoC,
15,2026-01-19T18:48:00+00:00,2026-01-21T23:24:00+00:00,batt_fade,SoC;bus_V,
16,2026-01-23T12:02:00+00:00,2026-01-23T14:27:00+00:00,stuck,SoC,
17,2026-01-25T11:10:00+00:00,2026-01-25T12:29:30+00:00,noise_burst,bus_V,
18,2026-01-25T20:52:30+00:00,2026-01-26T05:32:30+00:00,drift,batt_I,
19,2026-01-26T19:07:00+00:00,2026-01-28T16:45:00+00:00,batt_fade,SoC;bus_V,
20,2026-01-29T23:54:00+00:00,2026-01-30T01:31:30+00:00,noise_burst,batt_temp,
21,2026-01-30T16:00:30+00:00,2026-01-30T17:13:30+00:00,payload_fault,payload_P;batt_I,
22,2026-01-31T09:00:00+00:00,2026-01-31T20:44:00+00:00,drift,batt_temp,
23,2026-02-02T22:32:00+00:00,2026-02-03T09:09:00+00:00,drift,solar_I,
24,2026-02-04T10:18:00+00:00,2026-02-04T12:51:30+00:00,stuck,SoC,
25,2026-02-04T16:17:00+00:00,2026-02-04T16:17:30+00:00,spike,payload_P,
26,2026-02-05T08:05:00+00:00,2026-02-05T08:56:00+00:00,payload_fault,payload_P;batt_I,
27,2026-02-05T22:35:00+00:00,2026-02-06T06:31:30+00:00,drift,bus_V,
28,2026-02-07T10:01:00+00:00,2026-02-09T17:50:00+00:00,batt_fade,SoC;bus_V,
29,2026-02-10T12:49:00+00:00,2026-02-10T14:27:00+00:00,stuck,att_err,
30,2026-02-10T22:35:00+00:00,2026-02-11T00:05:00+00:00,thermal_runaway,batt_temp,
31,2026-02-12T15:25:30+00:00,2026-02-12T17:24:30+00:00,stuck,bus_V,
32,2026-02-14T11:05:30+00:00,2026-02-14T11:06:00+00:00,spike,att_err,
33,2026-02-14T13:24:30+00:00,2026-02-14T14:49:30+00:00,v_drop,bus_V;batt_I,
34,2026-02-16T14:23:00+00:00,2026-02-16T23:37:00+00:00,drift,att_err,
35,2026-02-17T08:38:00+00:00,2026-02-17T09:30:30+00:00,noise_burst,panel_temp,
36,2026-02-17T21:37:00+00:00,2026-02-20T12:09:00+00:00,batt_fade,SoC;bus_V,
37,2026-02-21T16:38:00+00:00,2026-02-21T17:51:00+00:00,payload_fault,payload_P;batt_I,
38,2026-02-21T21:01:30+00:00,2026-02-22T08:11:00+00:00,drift,batt_temp,
39,2026-02-26T02:23:30+00:00,2026-02-26T02:24:30+00:00,spike,att_err,
40,2026-02-27T11:53:00+00:00,2026-02-27T12:42:00+00:00,payload_fault,payload_P;batt_I,
41,2026-02-27T23:42:30+00:00,2026-02-28T01:03:30+00:00,payload_fault,payload_P;batt_I,
42,2026-02-28T02:12:30+00:00,2026-02-28T02:13:00+00:00,spike,batt_temp,
43,2026-02-28T05:46:00+00:00,2026-02-28T06:57:30+00:00,v_drop,bus_V;batt_I,
44,2026-02-28T23:59:30+00:00,2026-03-03T05:02:00+00:00,batt_fade,SoC;bus_V,
45,2026-03-04T19:46:30+00:00,2026-03-04T19:47:30+00:00,spike,att_err,
46,2026-03-04T21:56:00+00:00,2026-03-04T23:22:00+00:00,payload_fault,payload_P;batt_I,
47,2026-03-05T04:26:00+00:00,2026-03-05T06:02:30+00:00,noise_burst,att_err,
48,2026-03-07T12:45:00+00:00,2026-03-07T14:14:30+00:00,noise_burst,att_err,
49,2026-03-09T16:29:30+00:00,2026-03-09T17:28:00+00:00,v_drop,bus_V;batt_I,
50,2026-03-12T19:40:30+00:00,2026-03-12T21:14:00+00:00,stuck,panel_temp,
51,2026-03-16T21:02:30+00:00,2026-03-17T06:41:30+00:00,drift,panel_temp,
52,2026-03-18T02:23:30+00:00,2026-03-18T03:25:30+00:00,noise_burst,panel_temp,
53,2026-03-18T16:38:30+00:00,2026-03-18T18:19:30+00:00,v_drop,bus_V;batt_I,
54,2026-03-20T20:48:00+00:00,2026-03-20T23:15:00+00:00,thermal_runaway,batt_temp,
55,2026-03-21T12:38:30+00:00,2026-03-21T13:34:00+00:00,noise_burst,solar_I,
56,2026-03-23T19:41:30+00:00,2026-03-25T09:24:30+00:00,batt_fade,SoC;bus_V,
57,2026-03-26T15:13:00+00:00,2026-03-26T16:35:00+00:00,payload_fault,payload_P;batt_I,
58,2026-03-27T03:45:00+00:00,2026-03-27T05:08:30+00:00,stuck,panel_temp,
59,2026-03-29T00:11:30+00:00,2026-03-29T00:48:00+00:00,payload_fault,payload_P;batt_I,
